prod_key,prod_code,prod_group,Plant,brand,strength,molecule,therapy_area,form,pack_size,price
1,P00001,GYNECOLOGY,Plant 1,Brand A,1.80MG,"ACEBROPHYLLINE, METHYLPARABEN IP, PROPLYPARABEN IP",GYNEC,TABLETS,10 TABLETS PER STRIP,688
2,P00002,GYNECOLOGY,Plant 1,Brand A,0.5 MG,"ALFUZOSIN HYDROCHLORIDE BP, DUTASTERIDE",GYNEC,TABLETS,10 TABLETS PER STRIP,131
2,P00002,GYNECOLOGY,Plant 1,Brand A,0.5 MG,"ALFUZOSIN HYDROCHLORIDE BP, DUTASTERIDE",GYNEC,TABLETS,10 TABLETS PER STRIP,131
3,P00003,GYNECOLOGY,Plant 1,Brand A,1MG,ANASTROZOLE,GYNEC,TABLETS,5 TABLETS PER STRIP,430
4,P00005,OPTHALMOLOGY,Plant 2,Brand B,0.05%,"BRIMONIDINE TARTRATE, TIMOLOL, BENZALKONIUM CHLORIDE",OPTHO,DROPS,1 BOTTLE,280
5,P00006,OPTHALMOLOGY,Plant 2,Brand B,0.10%,"BRIMONIDINE TARTRATE, OXYCHLORO COMPLEX",OPTHO,DROPS,1 BTL,922
6,P00007,OPTHALMOLOGY,Plant 2,Brand B,0.08%,BRIMONIDINE TARTRATE,OPTHO,DROPS,1 BOTTLE,788
7,P00009,RESPIRATORY,Plant 3,Brand C,40MG,TESTOSTERONE UNDECANOATE,RESPIRATORY,TABLETS,10 TABLETS PER STRIP,287
null,null,null,null,null,null,null,null,null,null,null
8,P00010,RESPIRATORY,Plant 3,Brand C,10MG,CETIRIZINE DIHYDROCHLORIDE,RESPIRATORY,TABLETS,10 TABLETS PER STRIP,788
9,P00011,RESPIRATORY,Plant 3,Brand C,5MG,CETIRIZINE DIHYDROCHLORIDE,RESPIRATORY,TABLETS,10 TABLETS PER STRIP,186
10,P00012,RESPIRATORY,Plant 3,Brand C,20MG,"CETIRIZINE HYDROCHLORIDE BP, PHENYLEPHRINE HYDROCHLORIDE IP",RESPIRATORY,TABLETS,10 TABLETS PER STRIP,427
11,P00013,GASTROENTEROLOGY,Plant 4,Brand D,10MG,SODIUM PICOSULPHATE BP,GASTROENTEROLOGY,TABLETS,10 TABLETS PER STRIP,333
12,P00015,RESPIRATORY,Plant 5,Brand E,100MCG,SALMETEROL . FLUTICASONE PROPIONATE BP,RESPIRATORY,INHALER,1 DISK  INHALLER,161
13,P00016,RESPIRATORY,Plant 5,Brand E,250MCG,SALMETEROL. FLUTICASONE PROPIONATE BP,RESPIRATORY,INHALER,1 DISK  INHALLER,187
14,P00017,RESPIRATORY,Plant 5,Brand E,650MCG,SALMETEROL. FLUTICASONE PROPIONATE BP,RESPIRATORY,N/A, ,258
,,,,,,,,,,
15,P00018,OPTHALMOLOGY,Plant 6,Brand F,0.5MG,CYCLOSPORINE USP,OPTHO,TABLETS,10 TABLETS PER STRIP,737
16,P00019,OPTHALMOLOGY,Plant 6,Brand F,0.1MG,DARIFENACIN,OPTHO,TABLETS,10 TABLETS PER STRIP,396
17,P00020,OPTHALMOLOGY,Plant 6,Brand F,0.8MG,DESLORATIDINE,OPTHO,TABLETS,10 TABLETS PER STRIP,843
18,P00021,CANCER,Plant 7,Brand G,20MG,DOCETAXEL ANHYDROUS,CANCER,VIALS,1 VIAL,687
19,P00022,CANCER,Plant 7,Brand G,10MG,DOCETAXEL ANHYDROUS,CANCER,NA, ,181
20,P00023,CANCER,Plant 7,Brand G,80MG,DOCETAXEL ANHYDROUS,CANCER,VIALS,1 VIAL,857
21,P00024,CANCER,Plant 7,Brand G,50MG,DOCETAXEL ANHYDROUS,CANCER,NA, ,750
22,P00026,ORTHOPEDICS,Plant 8,Brand H,60MH,ETORICOXIB,ORTHO,NA, ,870
,,,,,,,,,,
23,P00027,ORTHOPEDICS,Plant 8,Brand H,90MH,ETORICOXIB,ORTHO,TABLETS,10 TABLETS PER STRIP,809
24,P00030,ORTHOPEDICS,Plant 8,Brand H,30MH,FEBUXOSTAT,ORTHO,NA, ,658
25,P00031,ORTHOPEDICS,Plant 8,Brand H,10MH,FEBUXOSTAT,ORTHO,NA, ,193
26,P00090,ANTIDIABETIC,Plant 9,Brand I,500 MG,HYDROCHLORIED IP,ANTIDIABETIC,TABLETS,10 TABLETS PER STRIP,"1,250.00"
27,P00091,ANTIDIABETIC,Plant 9,Brand I,800 MG,GLIMEPERIDE+METFORMIN,ANTIDIABETIC,OD TABLETS,15 TABLETS PER STRIP,"1,558.00"
28,P00092,ANTIDIABETIC,Plant 9,Brand I,5 MG,METFORMIN : 1000MG,ANTIDIABETIC,OD TABLETS,15 TABLETS PER STRIP,375
29,P00093,ANTIDIABETIC,Plant 9,Brand I,1 MG,METFORMIN+PIOGLITAZONE+GLIMEPIRIDE,ANTIDIABETIC,TABLETS,10 TABLETS PER STRIP,257
30,P00094,ANTIDIABETIC,Plant 9,Brand I,7.5MG,METFORMIN+PIOGLITAZONE+GLIMEPIRIDE,ANTIDIABETIC,TABLETS,10 TABLETS PER STRIP,789
31,P00095,ANTIDIABETIC,Plant 9,Brand I,10MG,METFORMIN+PIOGLITAZONE+GLIMEPIRIDE,ANTIDIABETIC,TABLETS,10 TABLETS PER STRIP,933
32,P00129,CARDIOLOGY,Plant 10,Brand J,10MG,ISOSORBIDE MONONITRATE,CARDIOLOGY,TABLETS,10 TABLETS PER STRIP,288
33,P00130,CARDIOLOGY,Plant 10,Brand J,20MG,ISOSORBIDE MONONITRATE,CARDIOLOGY,TABLETS,10 TABLETS PER STRIP,722
34,P00131,CARDIOLOGY,Plant 10,Brand J,50MG,ISOSORBIDE MONONITRATE,CARDIOLOGY,TABLETS,10 TABLETS PER STRIP,803
35,P00224,NEUROLOGY AND PSYCHIATRY,Plant 11,Brand K,1MG,RESPERIDONE,NEUROLOGY AND PSYCHIATRY,TABLETS,10 TABLETS PER STRIP,267
,,,,,,,,,,
36,P00225,NEUROLOGY AND PSYCHIATRY,Plant 11,Brand K,2MG,RESPERIDONE,NEUROLOGY AND PSYCHIATRY,TABLETS,10 TABLETS PER STRIP,403
37,P00226,NEUROLOGY AND PSYCHIATRY,Plant 11,Brand K,5MG,"RISPERIDONE BP, TRIHEXYPHENIDYL HYDROCHLORIDE",NEUROLOGY AND PSYCHIATRY,TABLETS,10 TABLETS PER STRIP,645
38,P00227,NEUROLOGY AND PSYCHIATRY,Plant 11,Brand K,10MG,RISPERIDONE BP,NEUROLOGY AND PSYCHIATRY,TABLETS,10 TABLETS PER STRIP,791
38,P00227,NEUROLOGY AND PSYCHIATRY,Plant 11,Brand K,10MG,RISPERIDONE BP,NEUROLOGY AND PSYCHIATRY,TABLETS,10 TABLETS PER STRIP,791
39,P00228,NEUROLOGY AND PSYCHIATRY,Plant 11,Brand K,25MG,CLOZAPIN,NEUROLOGY AND PSYCHIATRY,TABLETS,10 TABLETS PER STRIP,887
40,P00232,NEUROLOGY AND PSYCHIATRY,Plant 11,Brand K,50MG,SUMATRIPTAN,NEUROLOGY AND PSYCHIATRY,TABLETS,1 TABLET PER STRIP,"1,081.00"
41,P00233,NEURO,Plant 11,Brand K,50MG,SUMATRIPTAN,NEUROLOGY AND PSYCHIATRY,TABLETS,1 TABLET PER STRIP,"3,000.00"
42,P00234,NEUROLOGY,Plant 11,Brand K,50MG,SUMATRIPTAN,NEUROLOGY AND PSYCHIATRY,TABLETS,1 TABLET PER STRIP,"1,100.00"
43,P00235,NEURO,Plant 11,Brand K,50MG,SUMATRIPTAN,NEUROLOGY AND PSYCHIATRY,TABLETS,1 TABLET PER STRIP,"2,900.00"
44,P00235,NEURO,Plant 11,Brand K,50MG,SUMATRIPTAN,NEUROLOGY AND PSYCHIATRY,TABLETS,1 TABLET PER STRIP,"2,800.00"
45,P00236,NEURO,Plant 11,Brand K,50MG,SUMATRIPTAN,NEUROLOGY AND PSYCHIATRY,TABLETS,1 TABLET PER STRIP,"2,700.00"
46,P00237,NEURO,Plant 11,Brand K,50MG,SUMATRIPTAN,NEUROLOGY AND PSYCHIATRY,TABLETS,1 TABLET PER STRIP,"2,500.00"
47,P00238,NEURO,Plant 11,Brand K,50MG,SUMATRIPTAN,NEUROLOGY AND PSYCHIATRY,TABLETS,1 TABLET PER STRIP,10.00
